<?xml version="1.0" encoding="UTF-8" standalone="yes"?>
<addon id="repodepo" name="BiscuitsRepoDepo" version="1.0" provider-name="Biscuit">
    <extension point="xbmc.addon.repository" name="Example Repository">
        <dir>
            <info compressed="false">https://raw.githubusercontent.com/noquo89/repodepo/master/zips/addons.xml</info>
            <checksum>https://raw.githubusercontent.com/noquo89/repodepo/master/zips/addons.xml.md5</checksum>
            <datadir zip="true">https://raw.githubusercontent.com/noquo89/repodepo/master/zips/</datadir>
        </dir>
    </extension>
    <extension point="xbmc.addon.metadata">
        <summary>BiscuitsRepoDepo</summary>
        <description>Fresh baked biscuits, daily.</description>
        <disclaimer>NOTHING HERE IS HOSTED BY BISCUIT THEMSELF, ALL TOOLS USED ARE AT YOUR OWN DISCRETION.</disclaimer>
        <platform>all</platform>
        <assets>
            <icon>icon.png</icon>
            <fanart>fanart.jpg</fanart>
        </assets>
    </extension>
</addon>